[
    {
        "name":"黄昆",
        "identifier":"CCBCLOUD201901004",
        "url":"//imagecachexxfb.yun.ccb.com/static/thome/certification/img/CCBCLOUD201901004.png"
    },
    {
        "name":"黎洁涵",
        "identifier":"CCBCLOUD201901002",
        "url":"//imagecachexxfb.yun.ccb.com/static/thome/certification/img/CCBCLOUD201901002.png"
    },
    {
        "name":"刘雨钊",
        "identifier":"CCBCLOUD201901003",
        "url":"//imagecachexxfb.yun.ccb.com/static/thome/certification/img/CCBCLOUD201901003.png"
    },
    {
        "name":"皮东升",
        "identifier":"CCBCLOUD201901001",
        "url":"//imagecachexxfb.yun.ccb.com/static/thome/certification/img/CCBCLOUD201901001.png"
    },
    {
        "name":"苏凡",
        "identifier":"CCBCLOUD201901005",
        "url":"//imagecachexxfb.yun.ccb.com/static/thome/certification/img/CCBCLOUD201901005.png"
    },
    {
        "name":"王笙录",
        "identifier":"CCBCLOUD201901006",
        "url":"//imagecachexxfb.yun.ccb.com/static/thome/certification/img/CCBCLOUD201901006.png"
    },
    {
        "name":"王迎",
        "identifier":"CCBCLOUD201901007",
        "url":"//imagecachexxfb.yun.ccb.com/static/thome/certification/img/CCBCLOUD201901007.png"
    },
    {
        "name":"赵歆辰",
        "identifier":"CCBCLOUD201901008",
        "url":"//imagecachexxfb.yun.ccb.com/static/thome/certification/img/CCBCLOUD201901008.png"
    },
    {
        "name":"曾峻",
        "identifier":"CCBCLOUD201902008",
        "url":"//imagecachexxfb.yun.ccb.com/static/thome/certification/img/CCBCLOUD201902008.png"
    },
    {
        "name":"陈龙",
        "identifier":"CCBCLOUD2019020001",
        "url":"//imagecachexxfb.yun.ccb.com/static/thome/certification/img/CCBCLOUD201902001.png"
    },
    {
        "name":"戴承书",
        "identifier":"CCBCLOUD201902002",
        "url":"//imagecachexxfb.yun.ccb.com/static/thome/certification/img/CCBCLOUD201902002.png"
    },
    {
        "name":"胡迪",
        "identifier":"CCBCLOUD201902003",
        "url":"//imagecachexxfb.yun.ccb.com/static/thome/certification/img/CCBCLOUD201902003.png"
    },
    {
        "name":"赖智涌",
        "identifier":"CCBCLOUD201902005",
        "url":"//imagecachexxfb.yun.ccb.com/static/thome/certification/img/CCBCLOUD201902005.png"
    },
    {
        "name":"刘文盛",
        "identifier":"CCBCLOUD201902004",
        "url":"//imagecachexxfb.yun.ccb.com/static/thome/certification/img/CCBCLOUD201902004.png"
    },
    {
        "name":"孟冈",
        "identifier":"CCBCLOUD201902006",
        "url":"//imagecachexxfb.yun.ccb.com/static/thome/certification/img/CCBCLOUD201902006.png"
    },
    {
        "name":"徐嵘",
        "identifier":"CCBCLOUD201902007",
        "url":"//imagecachexxfb.yun.ccb.com/static/thome/certification/img/CCBCLOUD201902007.png"
    },
    {
        "name":"张磊",
        "identifier":"CCBCLOUD201902009",
        "url":"//imagecachexxfb.yun.ccb.com/static/thome/certification/img/CCBCLOUD201902009.png"
    },
    {
        "name":"陈宝靖",
        "identifier":"CCBCLOUD201903001",
        "url":"//imagecachexxfb.yun.ccb.com/static/thome/certification/img/CCBCLOUD201903001.png"
    },
    {
        "name":"陈德法",
        "identifier":"CCBCLOUD201903002",
        "url":"//imagecachexxfb.yun.ccb.com/static/thome/certification/img/CCBCLOUD201903002.png"
    },
    {
        "name":"陈昊年",
        "identifier":"CCBCLOUD201903003",
        "url":"//imagecachexxfb.yun.ccb.com/static/thome/certification/img/CCBCLOUD201903003.png"
    },
    {
        "name":"何达",
        "identifier":"CCBCLOUD201903004",
        "url":"//imagecachexxfb.yun.ccb.com/static/thome/certification/img/CCBCLOUD201903004.png"
    },
    {
        "name":"侯聚满",
        "identifier":"CCBCLOUD201903005",
        "url":"//imagecachexxfb.yun.ccb.com/static/thome/certification/img/CCBCLOUD201903005.png"
    },
    {
        "name":"胡茂松",
        "identifier":"CCBCLOUD201903006",
        "url":"//imagecachexxfb.yun.ccb.com/static/thome/certification/img/CCBCLOUD201903006.png"
    },
    {
        "name":"贾思杨",
        "identifier":"CCBCLOUD201903007",
        "url":"//imagecachexxfb.yun.ccb.com/static/thome/certification/img/CCBCLOUD201903007.png"
    },
    {
        "name":"金鑫",
        "identifier":"CCBCLOUD201903008",
        "url":"//imagecachexxfb.yun.ccb.com/static/thome/certification/img/CCBCLOUD201903008.png"
    },
    {
        "name":"彭翔",
        "identifier":"CCBCLOUD201903009",
        "url":"//imagecachexxfb.yun.ccb.com/static/thome/certification/img/CCBCLOUD201903009.png"
    },
    {
        "name":"汪伯恺",
        "identifier":"CCBCLOUD201903010",
        "url":"//imagecachexxfb.yun.ccb.com/static/thome/certification/img/CCBCLOUD201903010.png"
    },
    {
        "name":"王天昊",
        "identifier":"CCBCLOUD201903013",
        "url":"//imagecachexxfb.yun.ccb.com/static/thome/certification/img/CCBCLOUD201903013.png"
    },
    {
        "name":"王鑫",
        "identifier":"CCBCLOUD201903014",
        "url":"//imagecachexxfb.yun.ccb.com/static/thome/certification/img/CCBCLOUD201903014.png"
    },
    {
        "name":"王崟",
        "identifier":"CCBCLOUD201903015",
        "url":"//imagecachexxfb.yun.ccb.com/static/thome/certification/img/CCBCLOUD201903015.png"
    },
    {
        "name":"魏剑",
        "identifier":"CCBCLOUD201903012",
        "url":"//imagecachexxfb.yun.ccb.com/static/thome/certification/img/CCBCLOUD201903012.png"
    },
    {
        "name":"吴海彬",
        "identifier":"CCBCLOUD201903011",
        "url":"//imagecachexxfb.yun.ccb.com/static/thome/certification/img/CCBCLOUD201903011.png"
    },
    {
        "name":"夏瑞",
        "identifier":"CCBCLOUD201903016",
        "url":"//imagecachexxfb.yun.ccb.com/static/thome/certification/img/CCBCLOUD201903016.png"
    },
    {
        "name":"薛顺国",
        "identifier":"CCBCLOUD201903017",
        "url":"//imagecachexxfb.yun.ccb.com/static/thome/certification/img/CCBCLOUD201903017.png"
    },
    {
        "name":"张瑞卿",
        "identifier":"CCBCLOUD201903019",
        "url":"//imagecachexxfb.yun.ccb.com/static/thome/certification/img/CCBCLOUD201903019.png"
    },
    {
        "name":"张展倪",
        "identifier":"CCBCLOUD201903020",
        "url":"//imagecachexxfb.yun.ccb.com/static/thome/certification/img/CCBCLOUD201903020.png"
    },
    {
        "name":"赵陈文",
        "identifier":"CCBCLOUD201903018",
        "url":"//imagecachexxfb.yun.ccb.com/static/thome/certification/img/CCBCLOUD201903018.png"
    }
]